coefficient	value	error	base	position	side	trim_type	training_error
base_count	0.0782071575522423	1.49764120578766	GC	""	5end	v_trim	5.08041075875099e-08
base_count	0.295654535293579	1.34895086288452	GC	""	5end	j_trim	5.08041075875099e-08
base_count	-0.145220816135407	2.11755776405334	AT	""	3end	v_trim	5.08041075875099e-08
base_count	-0.379892438650131	2.0189516544342	GC	""	3end	v_trim	5.08041075875099e-08
base_count	-0.123964913189411	1.06510388851166	AT	""	3end	j_trim	5.08041075875099e-08
base_count	-0.298618793487549	1.65015649795532	GC	""	3end	j_trim	5.08041075875099e-08
motif	0.0435643456876278	2.06042742729187	A	pos1	5end	v_trim	5.08041075875099e-08
motif	0.0408099181950092	1.91282117366791	C	pos1	5end	v_trim	5.08041075875099e-08
motif	0.027786435559392	1.87473905086517	G	pos1	5end	v_trim	5.08041075875099e-08
motif	-0.305284798145294	2.11016750335693	A	pos1	5end	j_trim	5.08041075875099e-08
motif	0.389237344264984	2.06489539146423	C	pos1	5end	j_trim	5.08041075875099e-08
motif	-0.161156043410301	2.11053943634033	G	pos1	5end	j_trim	5.08041075875099e-08
motif	0.412736982107163	2.04723644256592	A	pos1	3end	v_trim	5.08041075875099e-08
motif	-0.539702773094177	2.57732319831848	C	pos1	3end	v_trim	5.08041075875099e-08
motif	-0.00641780905425549	2.09218192100525	G	pos1	3end	v_trim	5.08041075875099e-08
motif	0.0220285709947348	2.24221849441528	A	pos2	3end	v_trim	5.08041075875099e-08
motif	-0.112908244132996	2.30625700950623	C	pos2	3end	v_trim	5.08041075875099e-08
motif	-0.190935671329498	2.10703301429749	G	pos2	3end	v_trim	5.08041075875099e-08
motif	0.22018626332283	1.90615439414978	A	pos1	3end	j_trim	5.08041075875099e-08
motif	-0.333221822977066	2.55521988868713	C	pos1	3end	j_trim	5.08041075875099e-08
motif	0.0248283836990595	2.11128854751587	G	pos1	3end	j_trim	5.08041075875099e-08
motif	-0.068504624068737	2.13475847244263	A	pos2	3end	j_trim	5.08041075875099e-08
motif	-0.00834888312965632	2.44307374954224	C	pos2	3end	j_trim	5.08041075875099e-08
motif	-0.184688448905945	2.31204748153687	G	pos2	3end	j_trim	5.08041075875099e-08
ligation_mh	0.00218189670704305	2.43777322769165	""	""	""	""	5.08041075875099e-08
motif	0.281815344467759		T	pos2	3end	v_trim	5.08041075875099e-08
motif	0.13338360004127		T	pos1	3end	v_trim	5.08041075875099e-08
motif	-0.112160699442029		T	pos1	5end	v_trim	5.08041075875099e-08
motif	0.0882071759551764		T	pos1	3end	j_trim	5.08041075875099e-08
motif	0.0772034972906113		T	pos1	5end	j_trim	5.08041075875099e-08
motif	0.261541956104338		T	pos2	3end	j_trim	5.08041075875099e-08
